Image Name,Hausdorff
0000,45.299875059453186
0001,24.561791618467424
