Image Name,Hausdorff
0000,39.528311718320396
0001,36.19027847474576
0002,26.955539957692146
0003,27.059228938316163
0004,22.89409752064553
0005,74.34840090543291
0006,29.4081872075985
0007,25.479019332709644
0008,66.37254726567853
0009,30.44057821448159
0020,28.27107982165012
0021,46.63186952100889
0022,36.85047705526707
0023,22.891067342732267
0024,86.7966788738931
0025,73.90674118904049
0026,16.920372294522018
0027,13.402810336627738
0028,46.11498289169485
0029,25.770246530584206
